request_id,user_id,resource_id,action,status_code,total_latency_ms,auth_overhead_ns,cache_hit
3,user_054,res_013,delete,403,94.949,70508478,0
14,user_048,res_038,write,403,97.554,67810558,0
9,user_066,res_024,write,403,99.991,69974069,0
4,user_026,res_049,delete,403,101.453,71313062,0
18,user_024,res_023,delete,403,99.823,68490974,0
20,user_075,res_021,delete,403,102.334,68272612,0
13,user_059,res_002,write,403,108.002,72342311,0
11,user_092,res_008,read,200,109.048,68113100,0
6,user_005,res_016,delete,200,122.057,70526778,0
8,user_032,res_020,read,200,122.408,69845227,0
5,user_068,res_009,read,200,123.623,70419599,0
12,user_014,res_006,read,200,123.035,69174395,0
7,user_008,res_028,read,200,124.654,70187519,0
2,user_031,res_014,read,200,126.445,70953902,0
10,user_076,res_023,read,200,125.544,73300832,0
17,user_074,res_050,read,200,124.18,70774597,0
15,user_062,res_044,read,200,125.302,72689593,0
1,user_023,res_041,write,200,133.449,76262691,0
16,user_018,res_004,read,200,126.971,71413412,0
19,user_011,res_031,read,200,127.193,71732783,0
21,user_019,res_025,delete,403,38.314,8612742,0
22,user_097,res_020,write,403,50.367,10793895,0
34,user_014,res_019,write,200,33.003,10291073,0
38,user_087,res_034,write,403,34.22,16368276,0
26,user_047,res_035,read,200,60.416,16408317,0
23,user_013,res_024,delete,403,70.003,19036056,0
25,user_010,res_033,read,200,78.736,19255305,0
33,user_083,res_033,read,200,59.935,17165150,0
37,user_056,res_014,delete,403,60.624,23818106,0
42,user_037,res_042,delete,403,40.094,20903445,0
31,user_075,res_003,delete,403,73.384,20989766,0
43,user_005,res_003,write,200,42.648,20654581,0
35,user_077,res_024,write,403,80.485,24259667,0
44,user_042,res_026,read,200,52.337,22509904,0
24,user_022,res_042,read,200,131.514,32969012,0
41,user_008,res_036,read,200,110.018,29690700,0
50,user_040,res_039,delete,403,68.161,58848750,0
47,user_098,res_039,read,200,79.221,45374428,0
52,user_027,res_006,delete,403,63.148,53954695,0
49,user_006,res_024,delete,200,76.673,49679591,0
32,user_078,res_009,delete,403,143.141,53740444,0
28,user_071,res_016,delete,403,172.348,59337459,0
40,user_086,res_015,write,403,157.241,55172736,0
46,user_099,res_025,read,200,125.556,57270059,0
53,user_095,res_025,delete,403,90.225,81567685,0
48,user_056,res_024,write,403,121.652,76031566,0
36,user_047,res_018,delete,403,188.762,85483512,0
56,user_032,res_030,write,200,74.272,45432597,0
45,user_059,res_003,read,200,151.647,93544390,0
61,user_042,res_049,delete,403,57.7,50218336,0
57,user_072,res_005,delete,403,71.417,65194187,0
58,user_065,res_002,read,200,83.259,54616932,0
55,user_095,res_032,write,403,115.046,103695644,0
51,user_081,res_014,read,200,151.749,98207814,0
29,user_093,res_026,read,200,237.013,132300152,0
62,user_003,res_047,delete,200,94.473,62618864,0
27,user_026,res_017,write,200,276.134,165878889,0
63,user_083,res_011,read,200,99.037,68086850,0
66,user_086,res_029,read,200,80.821,48254447,0
39,user_096,res_048,write,403,274.614,170780014,0
60,user_006,res_023,write,200,140.401,114876833,0
30,user_069,res_017,read,200,286.965,166828632,0
59,user_039,res_012,read,200,154.766,127376890,0
64,user_010,res_001,write,200,131.584,99204833,0
71,user_017,res_019,read,200,106.554,69268761,0
74,user_024,res_006,write,200,91.616,64924451,0
76,user_085,res_007,delete,403,69.031,60012652,0
72,user_041,res_049,read,200,102.826,76542130,0
69,user_033,res_030,write,200,137.596,111423960,0
65,user_069,res_035,delete,403,164.776,155043528,0
73,user_049,res_015,read,200,115.112,87664862,0
75,user_019,res_047,write,200,110.758,80444168,0
68,user_084,res_040,delete,403,165.244,158499240,0
80,user_079,res_030,delete,403,87.854,74689811,0
77,user_087,res_030,read,200,107.639,73143303,0
84,user_053,res_007,delete,403,72.02,62539422,0
81,user_032,res_001,write,200,96.193,67268427,0
79,user_096,res_002,read,200,139.283,104240296,0
85,user_091,res_028,read,200,92.897,60075428,0
54,user_100,res_004,read,200,318.382,284117889,0
90,user_060,res_028,write,403,72.295,63266658,0
67,user_073,res_029,read,200,227.287,197727903,0
92,user_026,res_024,delete,403,73.85,61610059,0
89,user_016,res_024,write,200,92.335,62299699,0
82,user_042,res_028,delete,403,143.284,132863504,0
88,user_074,res_027,write,403,112.254,99603426,0
91,user_073,res_022,delete,403,99.716,91646543,0
83,user_009,res_035,write,200,144.127,113455074,0
86,user_021,res_049,delete,403,141.12,132844434,0
96,user_063,res_036,read,200,86.892,60979357,0
94,user_041,res_008,write,403,101.933,91958013,0
100,user_096,res_029,write,403,64.141,52958883,0
87,user_047,res_005,delete,403,152.692,142087944,0
93,user_025,res_031,write,200,116.695,87240409,0
98,user_077,res_032,read,200,93.579,67758447,0
102,user_064,res_010,write,403,84.879,71952009,0
78,user_001,res_014,write,200,246.857,216168675,0
108,user_077,res_016,write,403,70.304,59624244,0
95,user_039,res_037,write,200,142.239,114000356,0
105,user_087,res_019,read,200,83.805,55894533,0
97,user_058,res_044,write,403,144.277,131636918,0
110,user_079,res_032,delete,403,66.403,57016671,0
104,user_006,res_036,read,200,108.885,78199192,0
111,user_030,res_045,delete,403,64.915,53165748,0
101,user_014,res_005,delete,403,130.504,121197562,0
115,user_073,res_049,write,403,61.827,51576901,0
107,user_024,res_025,delete,403,122.58,110040458,0
113,user_055,res_025,write,403,88.931,75099984,0
99,user_004,res_037,write,200,158.989,131467864,0
103,user_054,res_003,read,200,149.565,117087299,0
114,user_048,res_014,write,403,98.213,85921748,0
116,user_032,res_048,delete,403,73.556,67045989,0
117,user_090,res_025,write,403,89.311,74925130,0
118,user_076,res_041,write,403,92.475,79791692,0
106,user_085,res_023,read,200,166.96,138942784,0
119,user_085,res_010,write,403,93.7,82706327,0
121,user_044,res_043,delete,403,92.018,85568794,0
122,user_013,res_001,write,200,85.861,57183570,0
109,user_013,res_027,delete,403,168.76,160097386,0
112,user_053,res_039,read,200,155.789,130741837,0
70,user_099,res_026,delete,403,443.151,437023003,0
125,user_017,res_012,write,200,105.22,81937384,0
120,user_086,res_017,read,200,139.458,109750735,0
131,user_019,res_021,delete,403,86.03,77708941,0
132,user_038,res_010,read,200,83.296,52432722,0
136,user_014,res_002,delete,403,59.14,52162390,0
124,user_033,res_028,write,200,138.381,104501666,0
133,user_084,res_019,write,403,78.529,70428552,0
127,user_093,res_022,write,403,120.185,106178381,0
128,user_012,res_016,read,200,119.421,81160233,0
123,user_080,res_015,write,403,165.001,153218055,0
138,user_033,res_027,write,200,94.276,60917319,0
134,user_032,res_017,write,200,111.562,81042928,0
139,user_081,res_002,read,200,91.919,55937322,0
137,user_091,res_045,delete,403,106.838,95749140,0
129,user_022,res_028,write,200,158.561,125759446,0
145,user_086,res_036,delete,403,66.774,56348701,0
146,user_079,res_013,delete,403,68.392,56760891,0
140,user_074,res_019,read,200,106.855,79371716,0
135,user_005,res_027,read,200,138.812,115608510,0
144,user_086,res_050,delete,403,93.534,78697000,0
142,user_006,res_005,read,200,109.628,80266831,0
147,user_080,res_015,delete,403,82.911,74935642,0
130,user_051,res_046,write,403,198.925,189879794,0
143,user_062,res_001,write,403,134.882,127618033,0
126,user_011,res_032,read,200,231.894,196966767,0
149,user_078,res_019,read,200,110.569,78628556,0
152,user_048,res_035,write,403,90.951,81245555,0
156,user_034,res_038,delete,403,80.51,72416006,0
153,user_027,res_046,read,200,97.764,70390220,0
157,user_027,res_036,write,200,93.411,61683210,0
148,user_011,res_012,delete,403,148.02,137840120,0
161,user_041,res_038,delete,403,85.885,78363622,0
158,user_021,res_047,read,200,107.534,73667638,0
160,user_090,res_009,read,200,107.66,75877277,0
162,user_017,res_040,write,200,107.027,74731072,0
167,user_058,res_048,delete,403,77.798,68842229,0
159,user_018,res_011,write,200,136.92,105242664,0
165,user_001,res_031,write,200,95.409,67748520,0
154,user_081,res_013,read,200,167.732,135659904,0
171,user_069,res_015,write,403,74.572,64177090,0
169,user_002,res_047,delete,200,95.702,64486902,0
163,user_087,res_020,read,200,145.507,112854246,0
164,user_065,res_026,read,200,136.327,103940165,0
166,user_038,res_007,read,200,119.558,91870237,0
155,user_083,res_045,delete,403,199.973,188533700,0
170,user_044,res_014,write,403,110.39,97759711,0
172,user_095,res_033,read,200,99.217,65227992,0
151,user_038,res_012,write,200,229.629,194717689,0
168,user_026,res_020,read,200,131.39,99932573,0
150,user_066,res_029,write,403,250.955,238964825,0
176,user_088,res_006,write,403,74.552,63521731,0
173,user_050,res_023,read,200,112.518,79341984,0
141,user_050,res_010,delete,403,310.212,297316264,0
174,user_038,res_023,write,200,115.137,82414930,0
180,user_082,res_044,delete,403,73.506,66131021,0
175,user_013,res_016,write,200,114.499,81091482,0
178,user_070,res_031,write,403,96.139,87547543,0
181,user_058,res_050,write,403,76.637,68113316,0
184,user_065,res_037,write,403,70.922,62353988,0
179,user_060,res_025,delete,403,119.338,111429920,0
177,user_019,res_050,read,200,138.149,114657784,0
188,user_022,res_005,write,200,86.255,64661533,0
195,user_014,res_031,delete,403,63.598,54109993,0
187,user_081,res_018,read,200,100.396,73913947,0
183,user_021,res_035,delete,403,125.098,115710889,0
190,user_090,res_032,read,200,100.311,69758355,0
193,user_078,res_001,delete,403,81.174,68631069,0
196,user_089,res_007,write,403,78.303,69997887,0
192,user_007,res_039,delete,200,106.863,80109152,0
198,user_025,res_003,delete,403,80.265,72201745,0
194,user_029,res_008,delete,403,104.502,92596440,0
200,user_003,res_039,read,200,83.409,53067301,0
201,user_022,res_040,delete,403,64.034,55754740,0
185,user_069,res_020,read,200,157.859,123836887,0
202,user_013,res_049,delete,403,61.802,53580160,0
197,user_026,res_025,delete,403,113.952,105316326,0
189,user_053,res_018,delete,403,158.987,149421451,0
206,user_078,res_003,delete,403,68.088,59699957,0
208,user_024,res_007,read,200,78.011,54468475,0
182,user_060,res_038,read,200,220.802,193371097,0
203,user_032,res_035,read,200,110.631,83946086,0
211,user_051,res_042,write,403,77.33,68340215,0
186,user_010,res_021,delete,200,209.174,183999233,0
207,user_054,res_006,write,403,104.617,95509728,0
210,user_030,res_016,write,200,93.951,67169865,0
205,user_047,res_050,write,403,118.797,107668020,0
218,user_074,res_001,delete,403,57.921,49738528,0
209,user_099,res_009,delete,403,120.712,113597279,0
213,user_023,res_024,write,200,100.88,73403861,0
215,user_024,res_028,write,200,102.095,66647054,0
217,user_038,res_008,delete,403,93.019,81556526,0
191,user_098,res_034,delete,403,243.336,235206053,0
212,user_008,res_013,read,200,124.468,99157560,0
221,user_051,res_033,delete,403,65.912,58079220,0
214,user_072,res_042,read,200,133.257,102284121,0
204,user_097,res_031,write,403,188.408,182131932,0
222,user_091,res_048,write,403,93.199,82914406,0
223,user_007,res_038,read,200,88.883,57337188,0
224,user_006,res_004,write,200,104.329,74873384,0
228,user_001,res_008,delete,200,90.367,57968475,0
229,user_062,res_016,write,403,78.134,67979043,0
199,user_010,res_045,write,200,272.54,242304647,0
226,user_069,res_040,write,403,112.384,102194996,0
220,user_002,res_045,delete,200,141.044,106829952,0
233,user_069,res_043,delete,403,84.431,74748421,0
231,user_032,res_031,write,200,94.165,70316713,0
227,user_033,res_015,delete,403,139.965,128210252,0
234,user_008,res_010,delete,200,101.483,73461690,0
216,user_038,res_028,write,200,215.89,186397476,0
235,user_055,res_015,read,200,106.394,81316880,0
238,user_053,res_046,write,403,79.359,69474714,0
225,user_073,res_045,delete,403,170.377,160073794,0
232,user_094,res_050,read,200,136.926,110410303,0
230,user_019,res_048,read,200,154.449,126657631,0
244,user_075,res_047,write,403,66.527,54014340,0
236,user_018,res_049,delete,403,118.358,105621601,0
241,user_078,res_010,write,403,85.835,76543827,0
240,user_097,res_047,delete,403,99.88,88917704,0
219,user_037,res_041,read,200,247.531,219760718,0
248,user_046,res_034,write,403,61.631,53142283,0
246,user_059,res_038,write,403,86.947,78265951,0
242,user_053,res_041,write,403,123.232,116182753,0
243,user_087,res_005,write,403,116.846,108145361,0
237,user_044,res_008,delete,403,167.327,161727429,0
245,user_072,res_012,delete,403,125.238,116042939,0
250,user_008,res_045,write,200,92.452,65670703,0
249,user_053,res_041,read,200,114.579,87358782,0
257,user_034,res_012,delete,403,89.91,80065356,0
252,user_014,res_024,write,200,115.492,84345605,0
255,user_064,res_023,delete,403,97.898,88346632,0
254,user_099,res_015,read,200,106.844,79372968,0
247,user_066,res_007,delete,403,152.749,138579958,0
262,user_026,res_006,delete,403,79.988,72306971,0
239,user_007,res_020,read,200,213.909,185311484,0
258,user_045,res_008,delete,403,112.43,103472444,0
253,user_070,res_027,delete,403,139.977,132622524,0
259,user_031,res_034,write,200,123.029,90618354,0
265,user_040,res_003,delete,403,86.374,74256752,0
267,user_060,res_036,write,403,99.507,81861539,0
256,user_068,res_033,read,200,161.58,128941548,0
274,user_001,res_014,write,200,53.745,17807928,1
251,user_093,res_003,read,200,199.06,162236346,0
270,user_006,res_011,delete,200,92.376,68387941,0
271,user_003,res_042,delete,200,96.455,65559378,0
266,user_044,res_032,write,403,131.898,117652558,0
272,user_066,res_047,write,403,98.705,85975273,0
263,user_005,res_021,delete,200,155.112,124902085,0
278,user_080,res_010,delete,403,64.55,54094458,0
264,user_008,res_013,write,200,164.049,130979266,0
268,user_020,res_036,write,200,133.014,98123325,0
275,user_071,res_032,delete,403,116.155,101550129,0
276,user_079,res_033,read,200,117.621,81442303,0
277,user_038,res_029,read,200,118.596,77837980,0
280,user_003,res_017,read,200,92.367,53739241,0
282,user_016,res_041,read,200,90.22,60640057,0
269,user_088,res_005,write,403,169.878,159698215,0
283,user_048,res_011,delete,403,93.887,85785521,0
285,user_093,res_015,write,403,79.695,63827282,0
261,user_012,res_044,read,200,245.787,212874154,0
273,user_005,res_036,write,200,173.968,143496699,0
284,user_056,res_033,read,200,92.291,69030785,0
287,user_084,res_001,delete,403,89.065,76843825,0
286,user_053,res_021,write,403,109.119,95435518,0
289,user_075,res_041,read,200,98.745,68292824,0
294,user_043,res_024,write,403,65.335,56208840,0
291,user_053,res_026,write,403,104.153,92996030,0
281,user_086,res_033,read,200,161.052,134307769,0
296,user_085,res_041,delete,403,69.558,58455350,0
279,user_002,res_044,write,200,183.26,155558547,0
288,user_041,res_027,write,403,133.764,122783229,0
290,user_049,res_046,delete,403,127.998,121217101,0
302,user_065,res_023,write,403,69.73,60863303,0
300,user_042,res_044,read,200,88.765,53758161,0
295,user_013,res_004,delete,403,113.33,104982311,0
293,user_092,res_009,write,403,141.368,129088042,0
260,user_039,res_025,delete,403,352.473,343036643,0
303,user_003,res_015,read,200,92.749,64644791,0
304,user_086,res_012,read,200,79.849,57509172,0
301,user_081,res_043,write,403,117.485,108883760,0
299,user_025,res_005,read,200,120.053,95459360,0
307,user_100,res_046,delete,403,75.255,67294095,0
312,user_023,res_010,delete,403,71.163,59960879,0
297,user_044,res_031,write,403,152.061,142316090,0
309,user_023,res_001,delete,403,92.722,81205392,0
308,user_100,res_023,read,200,98.14,72962600,0
313,user_099,res_007,write,403,82.023,70764743,0
305,user_002,res_015,write,200,130.704,112132336,0
316,user_005,res_039,delete,200,61.344,40249651,0
292,user_084,res_031,write,403,212.958,203098648,0
310,user_020,res_047,write,200,115.475,92030927,0
306,user_008,res_048,read,200,139.058,116809486,0
324,user_046,res_022,delete,403,41.969,34490322,0
314,user_074,res_012,read,200,95.694,74577450,0
318,user_044,res_013,write,403,77.919,69532909,0
321,user_011,res_033,read,200,72.153,52093071,0
319,user_037,res_003,delete,403,85.085,77445592,0
315,user_053,res_004,write,403,108.896,100485886,0
322,user_077,res_037,read,200,81.237,62115112,0
331,user_094,res_005,delete,403,42.303,36776592,0
328,user_019,res_022,read,200,53.011,37745065,0
326,user_020,res_042,read,200,69.143,52036895,0
311,user_053,res_040,read,200,163.988,143610908,0
327,user_035,res_014,read,200,70.204,52634830,0
335,user_034,res_033,delete,403,43.781,35245269,0
298,user_071,res_015,write,403,236.841,226955869,0
330,user_077,res_012,read,200,64.923,46646827,0
323,user_067,res_006,delete,403,104.776,97137969,0
317,user_070,res_038,read,200,135.153,114314241,0
339,user_060,res_038,write,403,42.261,36602964,0
332,user_042,res_027,read,200,69.471,48964984,0
333,user_070,res_029,write,403,69.451,63835521,0
342,user_100,res_019,write,403,38.928,34460666,0
337,user_018,res_021,write,200,63.572,45655825,0
336,user_082,res_032,delete,403,69.342,64255987,0
340,user_016,res_034,read,200,53.191,35778700,0
329,user_047,res_014,delete,403,103.981,98604319,0
325,user_043,res_023,write,403,132.8,124509147,0
320,user_084,res_004,delete,403,163.771,156320803,0
334,user_058,res_042,read,200,101.592,84192994,0
348,user_058,res_041,delete,403,46.808,40418771,0
341,user_026,res_029,read,200,74.849,58547958,0
345,user_053,res_038,write,403,61.939,56696084,0
344,user_018,res_001,delete,403,71.197,64824836,0
349,user_063,res_004,read,200,58.436,42757597,0
346,user_070,res_047,write,403,71.833,67113899,0
357,user_087,res_046,delete,403,38.247,33201585,0
343,user_048,res_037,write,403,84.406,78800224,0
347,user_058,res_023,read,200,79.729,64371922,0
354,user_010,res_045,delete,200,64.917,47342650,0
351,user_095,res_030,delete,403,77.223,71616261,0
350,user_084,res_004,delete,403,84.065,79015162,0
355,user_005,res_030,delete,200,69.751,51024904,0
359,user_017,res_018,write,200,48.544,30980522,0
353,user_001,res_025,read,200,84.268,65419636,0
338,user_087,res_028,delete,403,142.904,136777974,0
362,user_061,res_004,delete,403,58.498,51834439,0
360,user_015,res_001,write,200,64.878,45376310,0
352,user_095,res_015,read,200,101.701,84862539,0
366,user_068,res_028,write,403,54.443,48997045,0
368,user_007,res_048,write,200,51.493,34083071,0
365,user_004,res_024,write,200,62.217,45769385,0
361,user_050,res_012,write,403,76.878,68436736,0
364,user_052,res_041,read,200,72.502,56051967,0
363,user_066,res_012,delete,403,83.4,77499056,0
373,user_059,res_016,delete,403,51.288,45685097,0
371,user_032,res_048,read,200,55.289,37500394,0
372,user_097,res_043,write,403,64.163,58529267,0
379,user_061,res_014,write,403,42.926,35481355,0
358,user_025,res_041,read,200,118.244,100012272,0
376,user_004,res_038,write,200,52.553,34862728,0
378,user_013,res_011,read,200,51.67,36193618,0
380,user_092,res_041,write,403,43.273,37753257,0
356,user_049,res_007,read,200,147.646,131701365,0
383,user_019,res_011,write,200,50.637,32867740,0
381,user_039,res_018,delete,403,56.624,49587939,0
367,user_085,res_027,delete,403,111.374,105345992,0
374,user_031,res_029,read,200,94.692,76558940,0
394,user_013,res_024,delete,403,15.736,7701250,1
386,user_075,res_038,read,200,55.301,36721150,0
369,user_094,res_009,read,200,124.594,104697195,0
375,user_014,res_029,delete,403,104.961,97617527,0
370,user_024,res_048,write,200,124.44,102486819,0
388,user_054,res_035,read,200,57.532,37911607,0
382,user_030,res_043,read,200,91.47,69788990,0
390,user_079,res_031,delete,403,68.898,61645601,0
377,user_058,res_046,write,403,118.313,111139329,0
384,user_091,res_008,read,200,96.803,73472694,0
387,user_005,res_009,delete,200,85.659,61403757,0
391,user_044,res_048,read,200,76.971,56983502,0
404,user_087,res_020,read,200,29.521,9853328,1
400,user_034,res_031,delete,403,50.589,45066387,0
395,user_051,res_033,read,200,73.731,52916835,0
392,user_020,res_031,write,200,89.62,70003126,0
401,user_068,res_037,write,403,58.096,50766022,0
396,user_007,res_045,write,200,82.011,63548733,0
389,user_003,res_025,write,200,107.764,91363400,0
399,user_058,res_049,write,403,75.118,67279505,0
402,user_088,res_047,write,403,67.621,61525137,0
403,user_093,res_010,delete,403,67.738,60600307,0
393,user_038,res_016,read,200,112.138,89628545,0
409,user_097,res_030,write,403,50.832,43631569,0
398,user_077,res_016,read,200,94.527,74298030,0
406,user_035,res_048,delete,403,59.641,50488356,0
414,user_057,res_031,write,403,45.08,38951477,0
397,user_005,res_006,delete,200,120.842,101804502,0
412,user_015,res_004,write,200,52.745,36831391,0
410,user_008,res_014,write,200,65.929,49294136,0
415,user_030,res_030,read,200,58.481,38313697,0
405,user_090,res_013,read,200,105.177,84539141,0
411,user_034,res_041,delete,403,79.499,72534524,0
422,user_023,res_015,delete,403,43.762,38723683,0
408,user_029,res_009,write,200,96.129,74823120,0
385,user_074,res_008,read,200,202.136,180507691,0
416,user_003,res_047,read,200,78.324,58631425,0
420,user_085,res_049,delete,403,71.376,65647836,0
423,user_009,res_008,write,200,66.816,46462499,0
421,user_047,res_042,read,200,74.132,53148090,0
413,user_024,res_042,read,200,104.299,82904640,0
419,user_003,res_024,read,200,84.762,65719186,0
426,user_019,res_008,delete,403,61.936,56210587,0
418,user_010,res_001,read,200,97.243,78316975,0
424,user_098,res_009,delete,403,76.78,68132808,0
417,user_082,res_010,read,200,110.517,89996920,0
442,user_021,res_049,delete,403,15.343,7702446,1
425,user_071,res_012,write,403,83.237,74346212,0
432,user_084,res_022,read,200,59.372,41102871,0
407,user_046,res_002,delete,403,156.921,147051663,0
430,user_022,res_020,write,200,71.726,54679699,0
427,user_027,res_040,delete,403,92.851,85355575,0
431,user_055,res_049,read,200,74.885,56567088,0
437,user_027,res_027,delete,403,58.595,49007471,0
435,user_046,res_048,write,403,68.764,60987287,0
436,user_089,res_025,read,200,60.505,36414550,0
439,user_041,res_029,read,200,56.254,37906662,0
434,user_088,res_014,write,403,77.219,71557398,0
441,user_013,res_005,delete,403,55.374,47160108,0
433,user_071,res_046,delete,403,94.504,89407997,0
443,user_001,res_026,read,200,56.276,36559148,0
451,user_090,res_009,read,200,27.755,8105331,1
446,user_087,res_018,delete,403,45.856,39996112,0
447,user_023,res_017,delete,403,46.3,41027113,0
450,user_040,res_049,delete,403,43.064,36625175,0
462,user_084,res_040,delete,403,14.109,8331346,1
460,user_007,res_039,delete,200,28.104,9240005,1
455,user_064,res_036,delete,403,46.415,40310791,0
429,user_033,res_042,read,200,140.153,119824522,0
457,user_094,res_002,delete,403,43.284,39651016,0
449,user_035,res_041,read,200,70.215,49358324,0
440,user_015,res_032,write,200,106.166,86599796,0
452,user_097,res_050,delete,403,62.202,54613348,0
438,user_097,res_029,delete,403,126.962,120747015,0
453,user_010,res_040,read,200,71.664,51691134,0
458,user_001,res_012,write,200,68.798,45319251,0
463,user_044,res_015,delete,403,52.094,43777782,0
467,user_013,res_016,write,200,33.683,10259179,1
444,user_029,res_022,write,200,119.703,97618908,0
461,user_077,res_041,read,200,74.243,50719622,0
459,user_053,res_029,read,200,86.634,65235497,0
448,user_013,res_037,write,200,127.798,106237381,0
464,user_024,res_022,read,200,77.297,55289199,0
466,user_078,res_015,read,200,69.557,46552010,0
468,user_094,res_033,delete,403,69.058,62408476,0
472,user_074,res_031,delete,403,54.9,47033040,0
465,user_082,res_028,read,200,79.831,57708920,0
454,user_028,res_034,read,200,125.658,101608671,0
428,user_095,res_032,delete,403,233.368,225949966,0
469,user_040,res_018,read,200,78.764,59817613,0
456,user_067,res_027,delete,403,128.594,122468517,0
476,user_081,res_008,write,403,53.677,43422391,0
478,user_094,res_007,write,403,53.411,47556547,0
480,user_047,res_027,write,403,50.397,40299438,0
481,user_062,res_035,delete,403,47.05,41351194,0
471,user_077,res_042,read,200,103.991,84326795,0
470,user_098,res_027,write,403,109.313,104001451,0
474,user_021,res_023,read,200,88.643,65923059,0
477,user_020,res_008,write,200,81.755,57890272,0
473,user_013,res_038,read,200,114.165,88651302,0
488,user_082,res_046,write,403,53.801,47589482,0
490,user_050,res_016,delete,403,52.052,39989825,0
485,user_001,res_019,delete,200,68.047,43677414,0
483,user_082,res_046,delete,403,71.885,65115247,0
492,user_025,res_010,delete,403,46.543,38131611,0
445,user_026,res_023,delete,403,231.344,224237910,0
482,user_004,res_021,delete,200,88.49,71425910,0
493,user_097,res_047,read,200,58.924,37631594,0
487,user_019,res_005,read,200,103.721,84086176,0
475,user_004,res_021,read,200,150.912,127188652,0
486,user_058,res_028,read,200,118.866,97260455,0
495,user_024,res_008,write,200,82.429,56319801,0
489,user_060,res_044,read,200,115.606,94244284,0
498,user_044,res_029,write,403,71.115,62609492,0
496,user_027,res_045,delete,403,87.723,76246685,0
501,user_084,res_037,read,200,64.166,40148685,0
494,user_005,res_020,write,200,95.818,77538700,0
479,user_030,res_050,write,200,164.281,144372239,0
491,user_041,res_025,read,200,122.626,107503470,0
484,user_080,res_031,delete,403,150.321,141448233,0
504,user_038,res_008,write,200,73.989,56247214,0
503,user_035,res_002,write,200,74.792,56436975,0
508,user_083,res_010,delete,403,47.777,41946512,0
500,user_016,res_007,write,200,92.38,71896990,0
499,user_067,res_049,read,200,99.982,83034024,0
507,user_090,res_010,delete,403,55.645,49457827,0
506,user_015,res_004,delete,403,70.684,64079452,0
505,user_088,res_037,write,403,94.138,86286823,0
497,user_011,res_044,write,200,138.173,120012315,0
509,user_063,res_020,delete,403,65.639,59851524,0
514,user_004,res_007,write,200,62.083,44723045,0
518,user_069,res_032,delete,403,47.274,42945601,0
510,user_063,res_020,read,200,73.045,54493292,0
515,user_023,res_019,write,200,68.566,50192689,0
516,user_097,res_011,delete,403,72.549,65926140,0
502,user_012,res_047,write,200,143.115,122513785,0
517,user_061,res_023,write,403,67.552,58309739,0
525,user_093,res_029,read,200,51.211,31810123,0
523,user_097,res_004,write,403,56.593,49663632,0
526,user_018,res_046,delete,403,42.57,35397676,0
512,user_023,res_009,delete,403,97.238,89173173,0
527,user_050,res_023,write,403,52.318,46278084,0
524,user_034,res_034,read,200,73.876,54286238,0
531,user_093,res_024,delete,403,41.731,36904904,0
522,user_044,res_029,read,200,88.508,69811947,0
521,user_032,res_018,delete,403,94.303,87971378,0
513,user_065,res_033,read,200,118.889,98006661,0
530,user_057,res_021,write,403,62.567,56226122,0
519,user_007,res_039,read,200,113.311,93976087,0
539,user_012,res_040,delete,403,44.832,39057603,0
511,user_089,res_042,read,200,154.385,134017877,0
535,user_050,res_010,read,200,73.728,52169690,0
532,user_099,res_008,write,403,84.141,78635640,0
529,user_045,res_046,read,200,95.331,72663333,0
536,user_095,res_047,write,403,75.436,67026741,0
543,user_055,res_031,write,403,49.909,44843669,0
540,user_061,res_013,delete,403,65.087,57049676,0
544,user_021,res_041,delete,403,51.778,42701313,0
520,user_009,res_005,write,200,151.136,129754928,0
538,user_026,res_026,delete,403,93.735,87115695,0
541,user_043,res_013,delete,403,87.726,80350612,0
537,user_055,res_048,read,200,106.743,83134261,0
547,user_074,res_042,read,200,64.133,44492138,0
545,user_042,res_017,delete,403,83.702,76877039,0
553,user_018,res_023,delete,403,44.789,39044054,0
542,user_086,res_014,read,200,98.163,77318861,0
546,user_013,res_012,write,200,80.487,62611974,0
551,user_092,res_032,delete,403,63.154,55646388,0
528,user_045,res_035,read,200,169.518,146114897,0
550,user_001,res_025,delete,200,69.812,43894045,0
534,user_035,res_025,delete,403,144.806,135754505,0
549,user_023,res_018,read,200,79.88,56671182,0
554,user_092,res_008,write,403,75.671,69701623,0
559,user_084,res_035,delete,403,49.559,44689726,0
567,user_098,res_027,write,403,22.694,14013876,1
552,user_087,res_048,read,200,89.536,67424669,0
561,user_099,res_010,delete,403,52.396,46573452,0
556,user_016,res_040,write,200,79.838,54939391,0
560,user_097,res_024,delete,403,59.525,54710561,0
557,user_076,res_029,delete,403,90.352,81602424,0
563,user_009,res_014,write,200,69.098,43831707,0
565,user_100,res_029,delete,403,68.849,61152048,0
564,user_001,res_046,read,200,81.009,58648250,0
566,user_089,res_018,write,403,68.726,61165861,0
569,user_063,res_044,write,403,66.867,59622336,0
577,user_095,res_015,read,200,40.177,13640908,1
533,user_054,res_006,read,200,215.554,191942454,0
570,user_029,res_034,write,200,69.286,46135273,0
573,user_074,res_036,write,403,54.107,49685229,0
574,user_054,res_047,write,403,55.409,50136357,0
576,user_035,res_040,delete,403,58.956,45197036,0
572,user_065,res_018,delete,403,72.108,64840220,0
568,user_022,res_045,read,200,96.745,68391732,0
548,user_075,res_025,delete,403,185.036,177518182,0
575,user_099,res_038,delete,403,82.981,73194531,0
578,user_099,res_019,delete,403,86.764,76640724,0
581,user_032,res_016,delete,403,71.406,62709924,0
583,user_097,res_039,write,403,73.807,67155335,0
594,user_029,res_008,delete,403,23.676,13960670,1
558,user_033,res_008,write,200,192.796,161313393,0
579,user_074,res_008,write,403,109.568,96775791,0
555,user_050,res_004,delete,403,230.343,219858236,0
585,user_069,res_049,delete,403,124.55,112685037,0
587,user_065,res_040,delete,403,135.436,119803500,0
584,user_097,res_006,delete,403,143.327,128988496,0
589,user_091,res_048,delete,403,140.83,129288649,0
571,user_033,res_023,delete,403,229.558,222307315,0
588,user_013,res_033,read,200,178.843,127988353,0
580,user_079,res_016,write,403,206.425,195450491,0
590,user_002,res_017,delete,200,175.45,132441253,0
595,user_100,res_021,delete,403,154.363,147139545,0
592,user_054,res_010,write,403,201.696,184858385,0
593,user_044,res_042,read,200,197.946,145993526,0
562,user_007,res_032,delete,200,335.809,303420121,0
601,user_055,res_003,write,403,128.888,107612193,0
597,user_045,res_025,read,200,184.081,142230007,0
602,user_007,res_042,write,200,133.298,89206098,0
608,user_099,res_032,write,403,89.327,74935297,0
604,user_049,res_033,read,200,133.334,91924834,0
586,user_005,res_001,delete,200,295.628,265698201,0
606,user_095,res_049,write,403,112.233,96621328,0
598,user_066,res_031,read,200,221.415,179352136,0
609,user_048,res_042,delete,403,88.598,69436222,0
603,user_070,res_016,read,200,167.65,125813179,0
614,user_081,res_014,read,200,58.306,17771296,1
605,user_042,res_015,delete,403,151.821,139217892,0
600,user_011,res_038,write,200,232.479,188801077,0
599,user_011,res_040,write,200,275.075,231336994,0
611,user_075,res_019,write,403,132.332,119359210,0
610,user_003,res_037,write,200,144.504,103116116,0
582,user_011,res_048,read,200,390.122,351599324,0
612,user_035,res_029,write,200,148.993,107992121,0
591,user_043,res_007,write,403,368.283,357299626,0
615,user_041,res_026,read,200,131.713,93628443,0
622,user_075,res_035,write,403,101.635,89893068,0
613,user_096,res_009,read,200,170.652,136141948,0
617,user_069,res_034,write,403,147.536,137411219,0
633,user_070,res_047,write,403,30.79,18017846,1
624,user_038,res_047,delete,403,116.836,104033373,0
623,user_025,res_049,read,200,123.547,83803067,0
607,user_076,res_043,write,403,268.452,255061693,0
627,user_053,res_043,write,403,90.616,78354196,0
621,user_072,res_005,read,200,152.414,108023488,0
596,user_052,res_044,write,403,397.431,380698395,0
620,user_070,res_026,read,200,169.223,118709596,0
632,user_033,res_001,delete,403,92.516,80213803,0
629,user_058,res_017,read,200,116.22,76226857,0
618,user_053,res_041,delete,403,212.001,197622280,0
631,user_017,res_025,write,200,116.015,75566735,0
616,user_003,res_041,read,200,241.599,218465395,0
619,user_076,res_020,read,200,226.986,191106107,0
628,user_010,res_033,delete,200,157.57,126450008,0
635,user_098,res_019,read,200,113.526,75402384,0
634,user_052,res_048,write,403,126.756,110535825,0
648,user_044,res_029,write,403,28.708,15313836,1
630,user_026,res_047,read,200,162.598,126013825,0
639,user_071,res_039,read,200,99.855,68722125,0
638,user_068,res_048,delete,403,114.542,97277834,0
626,user_079,res_006,read,200,202.646,168199798,0
625,user_083,res_015,delete,403,232.181,220527646,0
646,user_067,res_050,write,403,64.165,58992591,0
636,user_064,res_050,delete,403,137.796,122349501,0
644,user_035,res_037,read,200,86.847,52829378,0
640,user_053,res_003,write,403,133.604,124866837,0
641,user_044,res_037,read,200,145.361,115293843,0
649,user_015,res_003,read,200,91.138,58108856,0
645,user_081,res_007,delete,403,125.78,114899540,0
650,user_032,res_048,write,200,91.483,61026120,0
647,user_034,res_042,write,200,126.302,91818662,0
642,user_073,res_047,read,200,188.096,154385178,0
656,user_059,res_045,delete,403,100.232,87462707,0
653,user_092,res_007,write,403,107.215,94460942,0
658,user_089,res_018,read,200,103.598,69288790,0
662,user_049,res_019,write,403,80.668,69227163,0
660,user_015,res_006,write,200,95.243,64064596,0
654,user_081,res_022,write,403,130.238,113794742,0
657,user_048,res_032,read,200,134.893,98596087,0
659,user_098,res_023,read,200,138.319,106927568,0
652,user_078,res_001,read,200,176.511,144543181,0
666,user_066,res_012,read,200,106.587,71593583,0
667,user_045,res_045,read,200,97.891,64890679,0
661,user_052,res_031,read,200,151.455,120294394,0
643,user_093,res_018,read,200,280.604,241495635,0
651,user_068,res_035,read,200,201.369,165032598,0
663,user_064,res_044,write,403,146.875,136378196,0
637,user_097,res_022,write,403,314.056,297402184,0
655,user_026,res_020,write,200,201.639,168907993,0
672,user_040,res_045,delete,403,100.235,87655933,0
668,user_006,res_004,read,200,118.121,79709902,0
674,user_081,res_001,read,200,91.704,60167550,0
664,user_090,res_015,delete,403,175.787,167842609,0
671,user_055,res_007,read,200,123.967,91005349,0
665,user_010,res_018,write,200,177.197,140441409,0
675,user_049,res_045,write,403,102.557,93103510,0
669,user_100,res_027,delete,403,169.317,158041527,0
679,user_049,res_037,write,403,97.374,81069085,0
684,user_057,res_006,delete,403,77.279,60928026,0
677,user_008,res_046,delete,200,107.198,71845900,0
678,user_043,res_022,read,200,102.234,68619369,0
683,user_084,res_026,write,403,96.624,86281912,0
673,user_056,res_022,delete,403,176.85,159872529,0
685,user_029,res_016,read,200,94.415,61216032,0
676,user_042,res_026,write,403,147.313,137697745,0
680,user_059,res_046,write,403,134.107,125250845,0
682,user_069,res_033,delete,403,121.422,103646111,0
670,user_093,res_046,delete,403,230.633,220714574,0
687,user_062,res_010,delete,403,123.143,110451599,0
692,user_060,res_002,read,200,93.88,61621268,0
689,user_068,res_021,read,200,113.307,78544635,0
693,user_074,res_021,write,403,80.779,64562385,0
690,user_060,res_030,write,403,114.115,101245615,0
688,user_099,res_047,delete,403,142.869,128957135,0
700,user_051,res_048,write,403,71.92,62563925,0
698,user_075,res_022,write,403,80.795,67743689,0
711,user_046,res_048,write,403,21.222,11912377,1
699,user_038,res_016,delete,403,99.291,85853372,0
695,user_074,res_048,write,403,117.962,99704793,0
686,user_079,res_044,write,403,182.214,167634107,0
694,user_030,res_002,write,200,123.827,87955075,0
701,user_032,res_050,read,200,98.565,67158974,0
696,user_026,res_031,delete,403,132.879,118332164,0
702,user_011,res_027,read,200,97.748,63236537,0
707,user_031,res_011,delete,403,69.719,56769020,0
697,user_085,res_020,delete,403,150.891,140186136,0
691,user_019,res_004,read,200,189.462,160733334,0
706,user_049,res_010,delete,403,104.277,93318096,0
681,user_079,res_043,read,200,255.456,227422808,0
709,user_084,res_030,read,200,107.423,76686323,0
710,user_047,res_038,delete,403,99.89,90457767,0
708,user_036,res_023,write,200,116.34,85537297,0
716,user_094,res_022,write,403,75.434,63075904,0
719,user_059,res_029,delete,403,69.589,62947400,0
713,user_066,res_001,write,403,93.235,78838976,0
727,user_038,res_047,delete,403,22.485,12713215,1
712,user_099,res_002,delete,403,139.45,130515622,0
714,user_005,res_005,delete,200,119.724,80671598,0
715,user_099,res_021,read,200,120.975,94019706,0
718,user_036,res_025,read,200,125.049,96869030,0
722,user_091,res_033,write,403,99.97,89567644,0
729,user_014,res_037,delete,403,56.992,46367014,0
703,user_067,res_012,read,200,218.634,193248592,0
717,user_068,res_023,delete,403,135.444,122654797,0
721,user_090,res_019,read,200,115.852,87131719,0
705,user_071,res_044,write,403,207.52,196821934,0
704,user_094,res_016,read,200,214.061,180006879,0
741,user_084,res_026,write,403,25.887,14118429,1
732,user_049,res_025,delete,403,81.949,71926056,0
725,user_052,res_006,read,200,120.238,91294772,0
726,user_021,res_044,write,200,142.871,82624293,0
724,user_079,res_028,delete,403,160.243,153188729,0
730,user_078,res_047,read,200,128.077,68274613,0
728,user_008,res_001,delete,200,147.26,91150054,0
731,user_040,res_040,delete,403,145.111,135482057,0
733,user_066,res_046,read,200,121.545,92481642,0
720,user_034,res_018,write,200,236.783,208175860,0
736,user_058,res_031,write,403,123.214,106521445,0
738,user_022,res_010,read,200,128.55,89595455,0
745,user_068,res_043,write,403,102.207,66319659,0
740,user_007,res_035,write,200,143.64,106855218,0
723,user_044,res_013,read,200,245.545,213948720,0
743,user_100,res_038,write,403,143.84,128180615,0
748,user_094,res_003,write,403,92.558,82740528,0
737,user_029,res_006,delete,403,171.339,154266854,0
747,user_085,res_001,read,200,98.109,61719851,0
735,user_029,res_020,write,200,188.965,160783540,0
746,user_089,res_033,write,403,147.255,111059423,0
749,user_063,res_037,write,403,108.974,98979121,0
744,user_021,res_018,delete,403,165.686,157772713,0
752,user_043,res_018,write,403,102.315,93460690,0
753,user_018,res_016,delete,403,100.046,87474232,0
755,user_096,res_017,write,403,112.398,103236170,0
757,user_010,res_013,read,200,95.991,64372401,0
734,user_030,res_022,delete,403,266.177,253382190,0
754,user_014,res_024,read,200,130.862,93130011,0
742,user_047,res_040,write,403,247.645,238549269,0
762,user_060,res_050,write,403,98.866,84663192,0
739,user_097,res_005,read,200,271.095,231141198,0
750,user_026,res_028,delete,403,201.222,190677880,0
771,user_078,res_003,delete,403,42.971,26540606,1
767,user_090,res_005,delete,403,87.603,77098193,0
751,user_065,res_006,read,200,200.155,163861746,0
763,user_058,res_019,write,403,129.639,116797462,0
774,user_091,res_045,delete,403,34.943,20336489,1
760,user_100,res_001,write,403,139.64,123562729,0
765,user_072,res_006,delete,403,127.209,115381362,0
764,user_096,res_004,delete,403,143.903,133522229,0
759,user_100,res_015,write,403,180.34,169255495,0
772,user_050,res_028,delete,403,110.216,97539123,0
761,user_071,res_040,read,200,203.213,166495456,0
758,user_054,res_023,write,403,226.187,217978628,0
786,user_042,res_026,write,403,27.188,13106898,1
768,user_038,res_050,write,200,172.382,147674190,0
756,user_090,res_010,read,200,251.428,220207869,0
775,user_067,res_033,delete,403,118.725,103291042,0
770,user_082,res_040,write,403,153.347,139164987,0
773,user_095,res_018,read,200,139.833,109907000,0
781,user_025,res_029,read,200,100.619,66448872,0
788,user_008,res_014,write,200,44.993,13961931,1
777,user_050,res_004,write,403,130.685,117881965,0
783,user_011,res_042,write,200,109.95,80575449,0
776,user_058,res_009,delete,403,148.301,136747981,0
766,user_016,res_032,write,200,238.986,206245404,0
769,user_015,res_030,read,200,196.456,166217628,0
784,user_066,res_006,read,200,112.908,88406727,0
778,user_086,res_007,write,403,153.783,142666901,0
785,user_077,res_009,read,200,111.199,86377176,0
782,user_095,res_033,delete,403,162.435,151659507,0
787,user_055,res_024,write,403,98.789,91888595,0
779,user_084,res_012,read,200,175.853,147312049,0
793,user_088,res_033,write,403,78.881,71008258,0
798,user_079,res_005,write,403,61.791,52390337,0
794,user_041,res_028,delete,403,85.586,78324257,0
792,user_071,res_003,read,200,100.672,74545499,0
800,user_098,res_021,delete,403,67.177,55441664,0
803,user_073,res_005,write,403,61.07,52256984,0
790,user_058,res_005,read,200,127.662,99764591,0
789,user_022,res_040,read,200,132.051,108165035,0
791,user_092,res_007,delete,403,145.898,135656153,0
804,user_035,res_040,read,200,84.148,56329895,0
801,user_043,res_027,write,403,101.079,89740159,0
797,user_090,res_046,read,200,117.157,87087392,0
796,user_020,res_023,write,200,121.414,93135846,0
809,user_035,res_004,delete,403,57.901,51362959,0
810,user_072,res_042,write,403,62.458,54804166,0
802,user_074,res_017,delete,403,118.142,109666023,0
805,user_040,res_016,delete,403,90.156,80344127,0
813,user_069,res_012,delete,403,64.236,56365606,0
799,user_074,res_026,delete,403,152.532,143009948,0
806,user_038,res_020,write,200,119.687,94642297,0
811,user_010,res_039,delete,200,101.211,75351537,0
808,user_049,res_009,delete,403,133.958,124232739,0
815,user_014,res_050,write,200,93.354,67444836,0
795,user_024,res_039,write,200,213.522,183122437,0
780,user_080,res_038,read,200,316.736,278269674,0
807,user_001,res_016,read,200,166.549,136915058,0
814,user_064,res_037,write,403,124.054,115148610,0
820,user_026,res_021,read,200,99.442,66696309,0
821,user_065,res_032,write,403,108.056,94859300,0
824,user_039,res_043,write,200,92.498,61068710,0
823,user_013,res_035,delete,403,98.53,88497147,0
818,user_073,res_004,read,200,121.484,91517998,0
816,user_061,res_007,delete,403,140.25,130582990,0
822,user_002,res_049,delete,200,126.384,96962965,0
819,user_024,res_039,write,200,142.89,108069734,0
830,user_047,res_015,delete,403,76.525,63264064,0
825,user_019,res_041,delete,403,120.757,113419737,0
828,user_055,res_010,delete,403,97.933,86164285,0
817,user_047,res_020,read,200,157.038,132979588,0
835,user_073,res_024,write,403,71.058,57980077,0
812,user_099,res_001,delete,403,216.055,209073514,0
846,user_055,res_010,delete,403,25.947,14252858,1
841,user_093,res_029,read,200,42.301,16636996,1
826,user_044,res_045,write,403,137.908,130618910,0
832,user_030,res_042,read,200,105.049,79511714,0
839,user_038,res_048,delete,403,69.066,53413197,0
840,user_091,res_017,delete,403,57.54,50221361,0
831,user_087,res_008,read,200,120.664,97034351,0
836,user_096,res_028,write,403,89.437,82673039,0
829,user_062,res_030,delete,403,133.583,124619631,0
837,user_079,res_038,delete,403,102.051,94407909,0
854,user_099,res_038,delete,403,22.85,15103694,1
843,user_041,res_032,delete,403,76.189,65650680,0
834,user_040,res_001,read,200,125.67,100660455,0
842,user_038,res_046,delete,403,103.345,93496256,0
853,user_073,res_026,delete,403,56.813,45408053,0
833,user_011,res_025,read,200,146.997,116942908,0
847,user_018,res_013,read,200,75.029,50165633,0
845,user_090,res_006,write,403,106.089,93162727,0
848,user_054,res_018,read,200,82.289,59924988,0
849,user_049,res_019,delete,403,82.043,70659871,0
850,user_007,res_003,write,200,93.033,66828818,0
844,user_061,res_008,delete,403,134.067,123678803,0
856,user_020,res_033,read,200,85.875,60397623,0
857,user_062,res_050,read,200,93.285,66452714,0
827,user_002,res_017,write,200,245.327,216772419,0
838,user_043,res_031,delete,403,181.684,170869585,0
858,user_014,res_038,read,200,85.896,62528949,0
862,user_041,res_014,delete,403,59.039,51990960,0
860,user_024,res_010,write,200,94.002,71076349,0
866,user_043,res_045,delete,403,69.214,58247092,0
864,user_013,res_014,read,200,83.595,61057485,0
852,user_060,res_027,read,200,151.248,125236650,0
855,user_032,res_035,write,200,145.989,118710553,0
868,user_022,res_014,write,200,89.442,63620169,0
851,user_076,res_027,delete,403,174.1,161394538,0
865,user_085,res_008,read,200,112.413,85126395,0
874,user_056,res_005,write,403,64.039,58373886,0
863,user_022,res_034,write,200,119.305,97895459,0
869,user_051,res_003,delete,403,97.706,87383607,0
873,user_093,res_043,delete,403,83.616,77987112,0
876,user_070,res_048,read,200,81.608,54409365,0
861,user_079,res_006,delete,403,169.965,163161178,0
875,user_091,res_002,write,403,97.317,88128339,0
867,user_061,res_002,read,200,147.064,118875176,0
884,user_094,res_026,delete,403,55.51,50143996,0
880,user_056,res_029,write,403,85.753,73762673,0
879,user_042,res_012,write,403,97.199,87044876,0
878,user_005,res_001,read,200,102.449,76054734,0
877,user_024,res_004,read,200,112.183,82242509,0
885,user_064,res_032,write,403,75.1,65754073,0
889,user_091,res_036,delete,403,58.977,48567686,0
872,user_092,res_042,delete,403,151.089,140968137,0
870,user_029,res_037,read,200,163.786,137333135,0
881,user_023,res_050,write,200,104.628,77881729,0
887,user_073,res_039,read,200,88.949,61777620,0
892,user_097,res_007,write,403,57.884,50913097,0
882,user_025,res_045,read,200,128.727,101173575,0
859,user_047,res_024,read,200,265.687,238276005,0
895,user_080,res_032,write,403,58.751,53297166,0
891,user_018,res_025,read,200,100.255,73577998,0
886,user_006,res_050,delete,200,134.748,108714593,0
896,user_069,res_024,write,403,69.847,60232379,0
890,user_059,res_030,delete,403,110.889,99506799,0
899,user_079,res_018,write,403,66.144,57037105,0
894,user_049,res_004,read,200,94.484,67639623,0
893,user_098,res_026,delete,403,100.405,92173069,0
898,user_068,res_008,read,200,78.043,50400867,0
888,user_088,res_019,delete,403,143.022,134800431,0
902,user_037,res_040,delete,403,88.864,80529674,0
900,user_035,res_027,write,200,94.04,70282977,0
901,user_017,res_026,read,200,101.829,81031179,0
871,user_076,res_009,write,403,265.779,253925037,0
903,user_008,res_001,write,200,92.176,73034672,0
905,user_061,res_007,read,200,81.151,59195380,0
910,user_079,res_032,write,403,65.78,58070698,0
911,user_002,res_002,delete,200,59.48,40371705,0
908,user_001,res_030,write,200,80.814,58821557,0
914,user_025,res_011,read,200,64.575,45395965,0
924,user_023,res_017,delete,403,16.797,11165716,1
916,user_077,res_005,read,200,67.255,45527062,0
907,user_071,res_039,delete,403,109.639,99141603,0
897,user_002,res_019,delete,200,167.235,142679900,0
912,user_025,res_039,write,200,87.944,61120649,0
917,user_011,res_037,read,200,61.566,37769757,0
909,user_011,res_014,read,200,111.584,89532604,0
920,user_072,res_043,write,403,64.348,52871374,0
923,user_069,res_028,delete,403,52.576,43453923,0
921,user_079,res_040,read,200,65.906,40257419,0
913,user_040,res_032,write,200,104.016,78580749,0
883,user_004,res_020,write,200,266.743,242765969,0
904,user_086,res_030,delete,403,163.233,154787575,0
915,user_032,res_029,read,200,113.264,93416708,0
906,user_049,res_003,write,403,151.084,142154498,0
922,user_026,res_043,write,200,71.98,52993895,0
925,user_061,res_019,write,403,56.725,50510987,0
918,user_012,res_048,delete,403,103.494,97441323,0
942,user_047,res_014,delete,403,17.653,9603813,1
930,user_033,res_024,delete,403,56.695,49785834,0
919,user_059,res_008,delete,403,108.049,96656477,0
926,user_065,res_036,read,200,82.753,61101675,0
947,user_050,res_016,delete,403,20.529,12859192,1
931,user_041,res_044,read,200,82.47,57470484,0
934,user_022,res_031,read,200,69.819,41820762,0
941,user_021,res_037,delete,403,57.832,45644294,0
938,user_093,res_009,delete,403,67.634,55431025,0
932,user_044,res_031,read,200,95.909,70064495,0
939,user_005,res_029,read,200,69.652,45028189,0
944,user_023,res_024,delete,403,55.605,47257467,0
936,user_032,res_029,write,200,87.469,63300963,0
927,user_056,res_013,write,403,129.552,121836214,0
940,user_007,res_013,write,200,88.448,65986925,0
945,user_048,res_030,delete,403,68.639,57968228,0
929,user_009,res_050,write,200,125.72,98274854,0
933,user_039,res_034,delete,403,114.119,102449296,0
928,user_018,res_019,write,200,146.042,126837186,0
946,user_001,res_012,delete,200,92.894,68596894,0
943,user_054,res_006,delete,403,116.635,107086917,0
937,user_015,res_023,read,200,134.532,107509885,0
957,user_090,res_001,write,403,55.068,43073923,0
951,user_063,res_023,read,200,79.248,49130441,0
958,user_065,res_037,delete,403,52.784,41931167,0
954,user_005,res_018,write,200,72.102,46201879,0
949,user_042,res_023,read,200,95.48,68244088,0
950,user_094,res_015,write,403,98.971,88762414,0
952,user_056,res_005,read,200,95.232,70512242,0
953,user_053,res_027,write,403,100.729,91017319,0
959,user_085,res_002,delete,403,81.377,69161268,0
956,user_059,res_031,read,200,100.844,77296943,0
962,user_039,res_004,write,200,87.347,62368221,0
967,user_094,res_045,write,403,55.156,46537383,0
948,user_007,res_037,delete,200,158.962,136944543,0
961,user_053,res_009,read,200,105.177,72599944,0
970,user_085,res_044,delete,403,59.205,48021593,0
978,user_091,res_033,write,403,18.878,11982608,1
935,user_094,res_032,delete,403,220.13,205858322,0
960,user_039,res_008,write,200,120.208,92014328,0
971,user_055,res_029,read,200,72.809,45718559,0
977,user_049,res_004,read,200,40.624,13676787,1
964,user_069,res_046,read,200,107.629,81618047,0
968,user_039,res_038,delete,403,100.347,91159301,0
972,user_070,res_035,read,200,85.857,53955357,0
974,user_016,res_013,write,200,74.025,42435814,0
963,user_005,res_025,delete,200,131.79,102012417,0
985,user_078,res_003,delete,403,22.686,13320545,1
975,user_042,res_024,delete,403,71.776,63409207,0
973,user_098,res_024,delete,403,87.213,80447363,0
969,user_090,res_001,read,200,111.464,90079943,0
979,user_029,res_022,delete,403,59.685,48143990,0
955,user_099,res_038,read,200,190.863,169666837,0
966,user_056,res_045,read,200,147.925,125471499,0
986,user_025,res_008,delete,403,52.945,46855514,0
981,user_028,res_021,write,200,81.079,58710809,0
976,user_089,res_001,read,200,109.141,86644063,0
983,user_098,res_047,write,403,75.243,59358217,0
980,user_056,res_004,read,200,88.411,67155876,0
965,user_003,res_020,write,200,167.545,149906826,0
996,user_099,res_011,write,403,43.071,35258450,0
999,user_068,res_037,write,403,19.25,6809499,1
990,user_076,res_044,read,200,65.483,47372142,0
982,user_054,res_038,delete,403,100.259,86225601,0
991,user_030,res_024,write,200,68.054,49265242,0
998,user_088,res_041,delete,403,41.932,33133057,0
987,user_039,res_021,delete,403,88.762,76027918,0
993,user_055,res_040,read,200,73.402,50342897,0
994,user_017,res_038,write,200,73.459,54737309,0
995,user_089,res_032,write,403,72.017,64872660,0
984,user_036,res_017,read,200,111.34,91811801,0
997,user_015,res_041,write,200,65.952,52691543,0
988,user_022,res_037,delete,403,90.666,82738735,0
1000,user_087,res_009,read,200,51.367,39237113,0
989,user_056,res_046,write,403,96.47,86031406,0
992,user_055,res_031,read,200,92.047,76313707,0
